"filename", "language", "Batch", "Kotlin", "Properties", "XML", "comment", "blank", "total"
"/home/ana/IdeaProjects/shift_poker/.idea/gradle.xml", "XML", 0, 0, 0, 17, 0, 0, 17
"/home/ana/IdeaProjects/shift_poker/.idea/kotlinc.xml", "XML", 0, 0, 0, 7, 0, 0, 7
"/home/ana/IdeaProjects/shift_poker/.idea/misc.xml", "XML", 0, 0, 0, 7, 0, 0, 7
"/home/ana/IdeaProjects/shift_poker/build.gradle.kts", "Kotlin", 0, 18, 0, 0, 0, 5, 23
"/home/ana/IdeaProjects/shift_poker/gradle.properties", "Properties", 0, 0, 1, 0, 0, 1, 2
"/home/ana/IdeaProjects/shift_poker/gradle/wrapper/gradle-wrapper.properties", "Properties", 0, 0, 5, 0, 1, 1, 7
"/home/ana/IdeaProjects/shift_poker/gradlew.bat", "Batch", 39, 0, 0, 0, 14, 22, 75
"/home/ana/IdeaProjects/shift_poker/settings.gradle.kts", "Kotlin", 0, 4, 0, 0, 0, 0, 4
"/home/ana/IdeaProjects/shift_poker/src/main/kotlin/entity/Card.kt", "Kotlin", 0, 2, 0, 0, 4, 2, 8
"/home/ana/IdeaProjects/shift_poker/src/main/kotlin/entity/CardPosition.kt", "Kotlin", 0, 6, 0, 0, 4, 1, 11
"/home/ana/IdeaProjects/shift_poker/src/main/kotlin/entity/CardStack.kt", "Kotlin", 0, 24, 0, 0, 11, 7, 42
"/home/ana/IdeaProjects/shift_poker/src/main/kotlin/entity/CardSuit.kt", "Kotlin", 0, 7, 0, 0, 5, 5, 17
"/home/ana/IdeaProjects/shift_poker/src/main/kotlin/entity/CardValue.kt", "Kotlin", 0, 16, 0, 0, 14, 14, 44
"/home/ana/IdeaProjects/shift_poker/src/main/kotlin/entity/Player.kt", "Kotlin", 0, 7, 0, 0, 10, 1, 18
"/home/ana/IdeaProjects/shift_poker/src/main/kotlin/entity/ShiftPoker.kt", "Kotlin", 0, 11, 0, 0, 11, 2, 24
"/home/ana/IdeaProjects/shift_poker/src/main/kotlin/main/Main.kt", "Kotlin", 0, 6, 0, 0, 1, 3, 10
"/home/ana/IdeaProjects/shift_poker/src/main/kotlin/service/AbstractRefreshingService.kt", "Kotlin", 0, 9, 0, 0, 0, 5, 14
"/home/ana/IdeaProjects/shift_poker/src/main/kotlin/service/GameService.kt", "Kotlin", 0, 100, 0, 0, 24, 25, 149
"/home/ana/IdeaProjects/shift_poker/src/main/kotlin/service/PlayerActionService.kt", "Kotlin", 0, 55, 0, 0, 2, 21, 78
"/home/ana/IdeaProjects/shift_poker/src/main/kotlin/service/Refreshable.kt", "Kotlin", 0, 13, 0, 0, 1, 12, 26
"/home/ana/IdeaProjects/shift_poker/src/main/kotlin/service/RootService.kt", "Kotlin", 0, 14, 0, 0, 0, 5, 19
"/home/ana/IdeaProjects/shift_poker/src/main/kotlin/service/ScoreCalculator.kt", "Kotlin", 0, 108, 0, 0, 0, 23, 131
"/home/ana/IdeaProjects/shift_poker/src/main/kotlin/gui/ShiftPokerApplication.kt", "Kotlin", 0, 97, 0, 0, 1, 25, 123
"/home/ana/IdeaProjects/shift_poker/src/main/kotlin/gui/scenes/GameFinishedMenuScene.kt", "Kotlin", 0, 35, 0, 0, 0, 7, 42
"/home/ana/IdeaProjects/shift_poker/src/main/kotlin/gui/scenes/NewGameMenuScene.kt", "Kotlin", 0, 111, 0, 0, 0, 9, 120
"/home/ana/IdeaProjects/shift_poker/src/main/kotlin/gui/scenes/PlayerSwitchMenuScene.kt", "Kotlin", 0, 40, 0, 0, 0, 7, 47
"/home/ana/IdeaProjects/shift_poker/src/main/kotlin/gui/scenes/ShiftPokerGameScene.kt", "Kotlin", 0, 365, 0, 0, 14, 56, 435
"/home/ana/IdeaProjects/shift_poker/src/main/kotlin/gui/visuals/CardimageLoader.kt", "Kotlin", 0, 40, 0, 0, 0, 9, 49
"/home/ana/IdeaProjects/shift_poker/src/main/kotlin/gui/visuals/GUIParams.kt", "Kotlin", 0, 21, 0, 0, 4, 5, 30
"Total", "-", 39, 1109, 6, 31, 121, 273, 1579